fecha,genero,aforo_total,total_funciones_temporada,numero_funcion,popularidad,tiene_premios,dias_antes,ocupacion_final
2024-07-19T15:52:00.797245,Clasico,246,25,14,1.4,1,2,0.5244
2025-04-28T15:52:00.797245,Clasico,106,40,16,6.3,1,1,0.5965
2025-05-07T15:52:00.797245,Stand-up,126,38,27,7.3,0,2,0.8441
2026-03-20T15:52:00.797245,Drama,186,45,5,9.5,0,2,0.6976
2025-06-22T15:52:00.797245,Musical,156,21,11,9.1,0,22,0.6265
2025-02-09T15:52:00.797245,Clasico,460,9,7,3.6,1,5,0.6021
2026-06-13T15:52:00.797245,Comedia,439,23,20,4.4,0,17,0.5604
2025-11-21T15:52:00.797245,Drama,455,50,37,5.3,0,20,0.3271
2024-12-12T15:52:00.797245,Drama,149,46,21,9.2,0,27,0.434
2025-06-14T15:52:00.797245,Stand-up,407,24,16,9.8,1,14,0.6527
2025-10-29T15:52:00.797245,Musical,449,6,6,7.0,0,23,0.6828
2025-11-04T15:52:00.797245,Musical,316,14,7,9.2,0,9,0.7466
2025-05-09T15:52:00.797245,Drama,453,7,2,7.8,0,17,0.3778
2025-06-27T15:52:00.797245,Infantil,491,4,4,5.2,1,29,0.4644
2025-02-26T15:52:00.797245,Clasico,296,31,14,3.5,0,3,0.5706
2024-11-30T15:52:00.797245,Musical,335,16,1,5.0,0,17,0.5593
2025-10-30T15:52:00.797245,Clasico,324,17,17,2.1,0,8,0.364
2025-09-26T15:52:00.797245,Stand-up,164,34,14,2.0,0,29,0.3476
2024-08-20T15:52:00.797245,Stand-up,466,31,15,8.1,0,29,0.519
2026-04-17T15:52:00.797245,Comedia,225,29,24,9.2,1,14,0.7074
2025-07-11T15:52:00.797245,Stand-up,494,50,49,8.4,0,11,0.6467
2026-06-20T15:52:00.797245,Clasico,414,29,9,4.4,0,9,0.4735
2025-05-16T15:52:00.797245,Drama,460,38,37,9.5,0,10,0.5889
2024-09-27T15:52:00.797245,Comedia,338,27,24,4.5,0,28,0.4296
2026-02-20T15:52:00.797245,Stand-up,136,43,42,8.5,0,17,0.6309
2025-01-27T15:52:00.797245,Comedia,472,6,1,2.6,0,9,0.6847
2024-10-12T15:52:00.797245,Clasico,485,28,6,7.8,0,30,0.2532
2024-08-09T15:52:00.797245,Infantil,58,32,25,9.6,0,16,0.3561
2024-09-27T15:52:00.797245,Musical,51,31,13,2.2,1,11,0.3875
2024-12-07T15:52:00.797245,Clasico,229,26,8,8.6,1,19,0.4522
2025-03-09T15:52:00.797245,Clasico,295,29,5,9.6,0,16,0.5149
2024-12-17T15:52:00.797245,Stand-up,194,44,30,4.4,0,3,0.95
2026-06-17T15:52:00.797245,Stand-up,470,42,8,4.4,0,6,0.6965
2025-11-29T15:52:00.797245,Comedia,185,26,1,4.4,0,26,0.5774
2025-10-16T15:52:00.797245,Drama,79,33,32,3.6,0,29,0.1995
2026-01-29T15:52:00.797245,Drama,175,17,11,8.7,0,7,0.3836
2025-07-10T15:52:00.797245,Infantil,479,27,19,2.0,1,9,0.4555
2026-01-24T15:52:00.797245,Infantil,472,11,8,9.0,1,6,0.6719
2025-03-20T15:52:00.797245,Clasico,445,25,5,1.9,1,28,0.222
2026-04-01T15:52:00.797245,Infantil,494,47,35,5.1,0,18,0.2976
2025-12-12T15:52:00.797245,Drama,180,36,22,6.7,0,2,0.6063
2025-04-04T15:52:00.797245,Infantil,488,31,11,1.6,0,23,0.2069
2025-03-25T15:52:00.797245,Drama,55,16,15,1.7,1,17,0.2637
2026-04-02T15:52:00.797245,Clasico,135,13,1,4.6,1,13,0.4314
2024-12-24T15:52:00.797245,Stand-up,112,41,8,1.3,0,11,0.4771
2026-02-11T15:52:00.797245,Drama,147,50,8,5.1,0,1,0.4544
2026-02-10T15:52:00.797245,Musical,439,30,24,8.3,1,27,0.6503
2026-06-18T15:52:00.797245,Clasico,370,5,5,9.1,0,29,0.5503
2024-12-11T15:52:00.797245,Clasico,198,36,32,8.6,1,7,0.4741
2025-09-24T15:52:00.797245,Musical,198,8,6,8.8,0,3,0.812
2024-12-23T15:52:00.797245,Stand-up,245,44,19,7.0,1,2,0.9084
2024-10-31T15:52:00.797245,Stand-up,368,7,1,2.4,1,14,0.6597
2024-12-14T15:52:00.797245,Stand-up,432,50,19,3.9,0,0,0.8735
2025-11-06T15:52:00.797245,Clasico,205,5,3,8.8,0,21,0.3028
2024-10-08T15:52:00.797245,Stand-up,315,27,22,9.2,1,18,0.7183
2025-08-15T15:52:00.797245,Clasico,105,13,11,2.2,0,29,0.1129
2025-08-19T15:52:00.797245,Infantil,177,44,2,7.9,0,10,0.4915
2026-03-06T15:52:00.797245,Infantil,181,42,14,2.9,0,29,0.1551
2025-03-08T15:52:00.797245,Infantil,120,49,10,8.7,0,18,0.6804
2025-07-28T15:52:00.797245,Drama,280,26,25,1.9,0,5,0.5857
2025-07-27T15:52:00.797245,Stand-up,299,49,15,3.8,0,22,0.4739
2025-10-16T15:52:00.797245,Infantil,236,16,10,1.8,1,20,0.2852
2026-02-26T15:52:00.797245,Infantil,448,43,42,8.0,1,3,0.8737
2024-09-26T15:52:00.797245,Musical,390,7,3,8.5,0,19,0.3445
2025-11-26T15:52:00.797245,Drama,192,18,13,6.4,0,19,0.2901
2025-03-27T15:52:00.797245,Infantil,447,24,1,6.3,0,20,0.5073
2026-01-26T15:52:00.797245,Clasico,449,15,11,5.9,0,11,0.4097
2025-11-22T15:52:00.797245,Clasico,424,47,38,5.8,0,0,0.7122
2024-12-31T15:52:00.797245,Stand-up,494,28,10,7.0,0,2,0.9056
2024-11-19T15:52:00.797245,Drama,481,19,13,4.2,0,23,0.211
2025-03-07T15:52:00.797245,Clasico,179,25,18,3.0,0,18,0.1076
2025-10-09T15:52:00.797245,Comedia,356,9,3,2.3,0,29,0.2773
2025-02-28T15:52:00.797245,Stand-up,323,50,47,5.3,1,10,0.6006
2024-11-09T15:52:00.797245,Musical,294,38,10,7.2,1,18,0.6903
2025-05-27T15:52:00.797245,Infantil,310,5,1,4.2,1,21,0.4879
2025-10-02T15:52:00.797245,Clasico,373,21,10,1.8,1,2,0.6043
2025-09-25T15:52:00.797245,Infantil,120,8,2,7.8,0,0,0.9244
2026-04-30T15:52:00.797245,Musical,293,28,21,2.6,1,0,0.6767
2025-12-20T15:52:00.797245,Musical,300,10,8,7.0,1,7,0.6814
2025-01-29T15:52:00.797245,Drama,366,28,18,7.6,1,27,0.4626
2025-01-15T15:52:00.797245,Musical,223,37,11,2.7,0,30,0.3465
2025-04-07T15:52:00.797245,Comedia,500,43,20,6.3,1,7,0.5482
2025-12-15T15:52:00.797245,Drama,165,43,20,8.1,0,4,0.7313
2025-02-11T15:52:00.797245,Drama,211,18,5,5.4,0,2,0.6445
2026-04-29T15:52:00.797245,Drama,67,12,11,3.0,0,27,0.258
2026-02-17T15:52:00.797245,Musical,434,22,3,8.9,1,3,0.95
2024-07-19T15:52:00.797245,Drama,80,28,24,5.5,0,20,0.4007
2026-02-28T15:52:00.797245,Infantil,191,25,18,1.0,0,6,0.4183
2025-05-08T15:52:00.797245,Comedia,212,8,2,1.4,0,1,0.6928
2025-10-21T15:52:00.797245,Comedia,238,46,35,3.5,1,25,0.4461
2026-05-09T15:52:00.797245,Musical,332,4,4,9.5,0,19,0.7148
2026-04-05T15:52:00.797245,Infantil,381,49,45,2.9,0,22,0.3775
2024-10-23T15:52:00.797245,Infantil,59,31,27,2.2,0,28,0.3047
2025-04-03T15:52:00.797245,Clasico,205,36,1,5.4,0,22,0.3835
2026-02-28T15:52:00.797245,Clasico,298,7,7,7.0,1,13,0.5041
2025-06-26T15:52:00.797245,Clasico,170,45,37,5.5,1,19,0.2462
2025-11-01T15:52:00.797245,Drama,491,12,1,7.3,0,30,0.6267
2026-04-01T15:52:00.797245,Stand-up,142,23,20,3.6,0,1,0.8586
2025-08-06T15:52:00.797245,Infantil,476,43,38,2.9,0,18,0.2288
2025-10-22T15:52:00.797245,Comedia,115,45,12,3.7,1,3,0.8595
2026-06-18T15:52:00.797245,Stand-up,416,15,12,3.1,1,27,0.5056
2026-02-22T15:52:00.797245,Musical,292,12,9,9.2,1,17,0.5782
2026-04-22T15:52:00.797245,Comedia,202,47,38,6.2,0,28,0.4508
2025-06-30T15:52:00.797245,Stand-up,216,18,7,5.0,0,21,0.383
2026-07-04T15:52:00.797245,Musical,255,49,37,9.8,0,12,0.7671
2024-10-18T15:52:00.797245,Infantil,177,27,2,6.2,0,1,0.6142
2024-10-09T15:52:00.797245,Clasico,142,29,17,1.3,0,12,0.0649
2024-11-18T15:52:00.797245,Musical,98,50,44,3.6,0,2,0.5034
2025-11-24T15:52:00.797245,Infantil,154,39,18,8.9,1,18,0.6013
2025-01-06T15:52:00.797245,Clasico,62,46,27,7.2,0,29,0.2988
2025-06-13T15:52:00.797245,Stand-up,476,42,33,1.0,0,1,0.7024
2025-04-20T15:52:00.797245,Infantil,157,31,1,9.1,0,6,0.8338
2025-03-18T15:52:00.797245,Clasico,221,25,11,1.4,1,22,0.29
2025-08-15T15:52:00.797245,Drama,102,29,23,9.7,0,20,0.3674
2026-03-25T15:52:00.797245,Comedia,408,4,4,1.2,1,4,0.8155
2025-12-30T15:52:00.797245,Infantil,140,38,34,8.9,0,6,0.4628
2025-02-08T15:52:00.797245,Comedia,248,36,34,2.7,0,29,0.4263
2026-04-25T15:52:00.797245,Clasico,215,43,35,2.8,0,15,0.1995
2025-07-01T15:52:00.797245,Musical,172,13,11,8.7,0,25,0.4779
2026-06-23T15:52:00.797245,Clasico,68,29,14,8.5,1,17,0.4621
2025-12-02T15:52:00.797245,Stand-up,408,22,13,8.8,0,1,0.95
2025-04-04T15:52:00.797245,Comedia,201,19,18,4.1,0,13,0.3869
2024-08-26T15:52:00.797245,Stand-up,430,28,19,7.2,1,3,0.8542
2026-06-01T15:52:00.797245,Comedia,76,33,29,2.6,0,11,0.4518
2025-05-03T15:52:00.797245,Stand-up,141,36,35,6.5,0,5,0.95
2024-12-29T15:52:00.797245,Comedia,422,28,23,8.0,0,25,0.6566
2026-01-06T15:52:00.797245,Clasico,260,45,34,2.6,0,7,0.3839
2025-01-04T15:52:00.797245,Comedia,187,8,7,6.8,0,23,0.5065
2025-07-05T15:52:00.797245,Comedia,396,17,12,3.4,0,29,0.5898
2025-09-23T15:52:00.797245,Drama,298,20,15,8.6,0,8,0.5971
2025-04-09T15:52:00.797245,Comedia,307,27,13,6.8,0,12,0.5319
2025-02-14T15:52:00.797245,Drama,497,4,1,2.9,0,27,0.2778
2025-11-24T15:52:00.797245,Clasico,187,49,33,7.4,0,21,0.3363
2025-08-13T15:52:00.797245,Stand-up,135,44,14,5.0,0,14,0.4873
2026-01-07T15:52:00.797245,Clasico,221,49,24,4.9,0,6,0.3911
2025-06-26T15:52:00.797245,Infantil,401,20,17,1.7,0,23,0.1786
2025-01-02T15:52:00.797245,Comedia,105,20,7,3.0,0,0,0.818
2024-10-05T15:52:00.797245,Drama,490,4,4,8.8,0,1,0.95
2025-08-14T15:52:00.797245,Infantil,102,27,3,8.2,0,30,0.4392
2025-09-13T15:52:00.797245,Comedia,304,9,3,6.2,0,1,0.8724
2025-01-17T15:52:00.797245,Infantil,246,21,5,8.2,0,4,0.8373
2026-05-21T15:52:00.797245,Drama,129,11,9,4.9,1,26,0.4036
2024-12-29T15:52:00.797245,Clasico,71,21,10,9.6,1,27,0.573
2025-03-08T15:52:00.797245,Stand-up,357,48,26,5.2,0,20,0.5803
2025-09-13T15:52:00.797245,Comedia,168,13,12,9.2,0,22,0.7452
2026-06-29T15:52:00.797245,Drama,65,19,18,5.0,1,27,0.3224
2024-11-15T15:52:00.797245,Musical,442,16,3,6.3,0,2,0.9485
2025-12-01T15:52:00.797245,Drama,496,6,3,5.7,0,27,0.245
2025-06-19T15:52:00.797245,Clasico,300,19,17,7.4,0,11,0.3103
2025-07-20T15:52:00.797245,Stand-up,293,20,9,2.2,0,30,0.5056
2024-08-19T15:52:00.797245,Comedia,455,37,29,9.1,1,14,0.5711
2025-01-31T15:52:00.797245,Drama,339,18,13,9.6,0,20,0.4389
2026-03-02T15:52:00.797245,Clasico,494,9,9,8.6,0,0,0.833
2026-06-25T15:52:00.797245,Musical,326,30,15,9.4,0,21,0.3312
2025-01-09T15:52:00.797245,Clasico,226,28,12,5.4,1,28,0.3419
2025-01-15T15:52:00.797245,Comedia,454,22,1,5.2,0,20,0.4664
2024-11-24T15:52:00.797245,Clasico,422,29,17,4.9,0,6,0.4064
2026-05-14T15:52:00.797245,Drama,91,29,28,2.6,1,3,0.5045
2025-08-05T15:52:00.797245,Infantil,53,42,3,3.8,0,4,0.5682
2026-01-20T15:52:00.797245,Infantil,200,44,22,5.2,0,29,0.3441
2024-11-05T15:52:00.797245,Stand-up,309,5,2,6.6,0,22,0.6725
2025-05-07T15:52:00.797245,Comedia,269,20,14,1.1,0,6,0.5826
2026-02-09T15:52:00.797245,Clasico,231,7,1,5.6,0,8,0.3272
2025-05-30T15:52:00.797245,Comedia,387,21,8,1.7,0,23,0.272
2025-11-21T15:52:00.797245,Drama,417,16,3,3.5,1,1,0.7165
2026-03-16T15:52:00.797245,Clasico,351,13,6,4.0,0,26,0.2444
2025-04-15T15:52:00.797245,Drama,495,48,8,7.5,1,23,0.3546
2026-06-03T15:52:00.797245,Comedia,327,30,26,1.5,1,1,0.7531
2026-04-02T15:52:00.797245,Comedia,294,50,48,7.4,0,5,0.95
2025-05-10T15:52:00.797245,Clasico,89,14,10,1.9,0,26,0.2489
2025-09-09T15:52:00.797245,Musical,463,26,11,6.4,0,23,0.4388
2025-12-29T15:52:00.797245,Infantil,459,40,19,8.5,1,30,0.4745
2024-10-12T15:52:00.797245,Clasico,461,14,7,2.0,0,18,0.2527
2025-08-04T15:52:00.797245,Comedia,288,6,4,7.8,1,12,0.5055
2026-02-19T15:52:00.797245,Drama,431,40,7,9.2,0,27,0.5445
2024-12-30T15:52:00.797245,Stand-up,392,25,12,8.2,0,24,0.5176
2026-04-13T15:52:00.797245,Stand-up,159,4,3,1.6,0,16,0.3865
2026-06-13T15:52:00.797245,Clasico,451,30,4,7.1,0,12,0.4204
2025-07-03T15:52:00.797245,Infantil,110,35,17,9.2,0,27,0.3934
2026-02-05T15:52:00.797245,Infantil,77,16,4,8.3,0,12,0.3871
2025-08-17T15:52:00.797245,Infantil,213,44,22,2.6,0,7,0.4344
2024-11-19T15:52:00.797245,Clasico,492,45,18,9.0,0,15,0.2926
2024-09-18T15:52:00.797245,Stand-up,342,15,4,8.0,0,5,0.9465
2024-07-26T15:52:00.797245,Musical,257,5,1,5.8,1,29,0.4415
2024-09-29T15:52:00.797245,Infantil,426,50,15,5.1,0,26,0.2967
2025-03-07T15:52:00.797245,Comedia,132,40,28,1.1,1,22,0.4812
2025-01-11T15:52:00.797245,Comedia,422,50,2,4.5,0,19,0.6081
2025-09-17T15:52:00.797245,Infantil,401,25,17,9.8,0,10,0.575
2025-12-01T15:52:00.797245,Comedia,478,43,37,5.2,1,4,0.95
2025-05-06T15:52:00.797245,Clasico,260,21,19,1.4,0,14,0.1591
2025-03-22T15:52:00.797245,Drama,219,46,23,1.9,0,4,0.4549
2026-05-26T15:52:00.797245,Clasico,364,18,14,4.7,1,25,0.1722
2026-06-04T15:52:00.797245,Stand-up,349,28,11,5.3,0,1,0.873
2025-10-29T15:52:00.797245,Musical,120,24,9,3.7,0,20,0.3693
2025-06-12T15:52:00.797245,Stand-up,275,24,24,1.9,0,6,0.5314
2025-09-09T15:52:00.797245,Musical,366,38,5,4.2,0,20,0.3132
2026-06-14T15:52:00.797245,Infantil,153,14,11,1.1,0,29,0.1573
2025-09-02T15:52:00.797245,Musical,405,14,6,2.4,0,0,0.632
2025-11-24T15:52:00.797245,Musical,81,26,9,8.8,0,4,0.8469
2025-05-17T15:52:00.797245,Stand-up,399,32,32,9.0,1,17,0.8307
2025-04-13T15:52:00.797245,Stand-up,54,11,7,2.1,1,27,0.6356
2025-03-23T15:52:00.797245,Clasico,198,45,44,7.8,0,3,0.8118
2025-05-31T15:52:00.797245,Drama,154,45,2,1.7,0,17,0.3721
2025-02-12T15:52:00.797245,Drama,472,34,30,1.6,1,28,0.2859
2025-09-17T15:52:00.797245,Drama,406,44,35,8.4,0,11,0.5197
2024-11-01T15:52:00.797245,Comedia,233,16,6,4.6,0,15,0.4495
2025-05-01T15:52:00.797245,Drama,320,25,23,7.4,1,5,0.8075
2026-04-19T15:52:00.797245,Clasico,141,30,2,2.8,0,3,0.5774
2024-09-18T15:52:00.797245,Musical,452,19,14,3.9,1,5,0.7047
2024-09-09T15:52:00.797245,Stand-up,312,37,27,6.8,0,14,0.5627
2025-09-02T15:52:00.797245,Stand-up,352,39,3,5.0,0,10,0.4627
2024-07-18T15:52:00.797245,Infantil,265,49,5,6.2,1,3,0.7275
2026-04-22T15:52:00.797245,Stand-up,480,6,6,2.0,0,19,0.6613
2024-12-21T15:52:00.797245,Drama,54,17,13,2.3,0,12,0.2339
2025-12-16T15:52:00.797245,Drama,233,49,17,1.8,0,18,0.1039
2025-08-29T15:52:00.797245,Infantil,350,7,5,7.7,0,5,0.8355
2025-08-31T15:52:00.797245,Infantil,422,18,3,6.8,1,1,0.8714
2024-10-28T15:52:00.797245,Musical,301,13,1,7.8,0,17,0.5873
2025-05-05T15:52:00.797245,Musical,157,34,3,9.6,1,10,0.6059
2025-12-24T15:52:00.797245,Drama,396,18,7,6.4,0,18,0.4189
2025-02-17T15:52:00.797245,Clasico,311,42,24,3.2,0,19,0.0852
2025-03-23T15:52:00.797245,Stand-up,181,26,15,2.2,0,17,0.5513
2026-05-20T15:52:00.797245,Musical,224,20,13,9.8,1,13,0.5813
2024-08-09T15:52:00.797245,Drama,434,37,4,3.9,0,10,0.472
2024-07-14T15:52:00.797245,Musical,134,29,13,7.3,1,6,0.7332
2025-08-13T15:52:00.797245,Clasico,495,33,33,7.3,0,10,0.566
2025-10-12T15:52:00.797245,Musical,271,15,12,2.8,0,4,0.7182
2025-02-01T15:52:00.797245,Musical,434,50,28,8.1,0,7,0.6338
2024-11-22T15:52:00.797245,Infantil,205,42,24,4.4,1,6,0.4439
2025-01-23T15:52:00.797245,Stand-up,232,27,3,5.5,1,25,0.594
2026-02-10T15:52:00.797245,Clasico,467,4,4,1.5,0,17,0.2324
2025-12-09T15:52:00.797245,Infantil,161,42,35,2.2,0,8,0.2552
2025-12-01T15:52:00.797245,Musical,216,25,22,8.8,1,21,0.5316
2025-07-17T15:52:00.797245,Stand-up,265,42,24,3.3,1,0,0.8997
2025-09-18T15:52:00.797245,Stand-up,383,21,17,2.7,0,29,0.5189
2025-06-04T15:52:00.797245,Clasico,360,33,22,3.6,0,22,0.2007
2025-01-22T15:52:00.797245,Drama,316,9,8,2.9,0,15,0.2478
2026-03-11T15:52:00.797245,Comedia,402,42,30,4.9,0,25,0.5248
2025-12-29T15:52:00.797245,Musical,439,19,3,9.2,1,13,0.5704
2026-05-08T15:52:00.797245,Infantil,305,4,2,4.8,1,30,0.3297
2025-02-14T15:52:00.797245,Clasico,282,20,12,4.0,0,21,0.1243
2024-11-08T15:52:00.797245,Clasico,197,26,14,1.1,0,1,0.5695
2025-12-19T15:52:00.797245,Musical,62,46,8,4.4,0,28,0.4745
2026-02-22T15:52:00.797245,Stand-up,454,25,14,9.6,0,7,0.8844
2026-06-22T15:52:00.797245,Stand-up,83,28,16,7.3,0,18,0.6287
2025-10-05T15:52:00.797245,Drama,417,18,13,8.9,1,4,0.95
2025-03-06T15:52:00.797245,Musical,115,27,2,9.7,0,23,0.3996
2024-09-18T15:52:00.797245,Clasico,175,36,16,7.5,0,1,0.6833
2026-05-27T15:52:00.797245,Clasico,255,18,8,3.7,0,24,0.2153
2024-09-19T15:52:00.797245,Musical,228,30,18,7.4,0,23,0.4368
2025-02-24T15:52:00.797245,Comedia,224,17,17,3.5,0,15,0.4826
2026-03-17T15:52:00.797245,Comedia,326,41,32,8.9,0,2,0.95
2026-02-22T15:52:00.797245,Musical,440,48,43,2.4,0,12,0.4333
2026-04-18T15:52:00.797245,Clasico,323,40,4,6.2,0,2,0.7922
2025-08-17T15:52:00.797245,Stand-up,313,47,7,9.5,1,14,0.7448
2026-05-18T15:52:00.797245,Clasico,370,49,44,2.6,0,24,0.186
2024-07-24T15:52:00.797245,Comedia,67,11,4,10.0,0,12,0.6216
2025-05-20T15:52:00.797245,Comedia,63,38,19,5.3,1,8,0.6764
2025-12-24T15:52:00.797245,Comedia,463,46,17,3.7,0,30,0.4282
2026-05-22T15:52:00.797245,Comedia,350,7,5,1.4,1,12,0.2604
2024-10-30T15:52:00.797245,Stand-up,477,21,12,6.1,0,3,0.8679
2025-02-26T15:52:00.797245,Drama,379,41,7,3.5,1,30,0.3247
2024-11-22T15:52:00.797245,Stand-up,489,44,17,9.4,0,28,0.6031
2026-04-26T15:52:00.797245,Musical,86,40,18,6.0,0,25,0.6152
2025-07-06T15:52:00.797245,Infantil,137,44,32,8.7,0,20,0.596
2025-07-16T15:52:00.797245,Drama,175,19,7,8.9,0,11,0.3309
2026-06-20T15:52:00.797245,Musical,421,8,2,4.7,0,22,0.5154
2024-08-17T15:52:00.797245,Clasico,369,7,5,3.2,0,16,0.2957
2024-08-27T15:52:00.797245,Drama,413,45,9,1.3,0,18,0.0807
2025-12-31T15:52:00.797245,Musical,299,35,10,1.5,0,30,0.3837
2025-07-29T15:52:00.797245,Clasico,250,31,8,4.6,0,25,0.2268
2025-01-28T15:52:00.797245,Stand-up,273,28,27,8.0,1,28,0.7032
2024-12-30T15:52:00.797245,Clasico,418,11,2,2.9,1,9,0.2668
2026-06-09T15:52:00.797245,Comedia,126,14,13,2.2,0,27,0.3358
2026-06-16T15:52:00.797245,Comedia,73,10,5,8.2,0,25,0.4718
2026-04-21T15:52:00.797245,Infantil,187,12,3,4.9,0,29,0.4284
2024-12-29T15:52:00.797245,Drama,454,42,27,7.7,1,19,0.5168
2026-05-16T15:52:00.797245,Comedia,105,4,3,6.8,0,4,0.95
2025-12-30T15:52:00.797245,Musical,189,49,16,6.7,0,25,0.4371
2025-05-02T15:52:00.797245,Musical,410,47,47,6.1,0,11,0.5723
2025-12-30T15:52:00.797245,Drama,494,35,5,3.2,0,5,0.7088
2025-10-30T15:52:00.797245,Stand-up,441,43,4,7.3,0,30,0.6302
2024-09-14T15:52:00.797245,Stand-up,151,39,38,1.9,0,27,0.3836
2025-02-19T15:52:00.797245,Stand-up,386,9,7,9.9,0,24,0.656
2025-02-13T15:52:00.797245,Comedia,175,25,8,4.0,0,8,0.4845
2025-03-03T15:52:00.797245,Drama,91,4,2,8.1,1,15,0.4772
2026-02-10T15:52:00.797245,Comedia,400,16,10,6.9,0,6,0.6594
2025-10-03T15:52:00.797245,Clasico,478,28,17,6.9,0,17,0.1971
2024-07-16T15:52:00.797245,Infantil,396,13,9,9.2,1,7,0.5024
2026-06-09T15:52:00.797245,Clasico,54,39,6,3.1,0,27,0.1453
2025-06-21T15:52:00.797245,Musical,418,20,5,1.1,1,17,0.3502
2026-01-06T15:52:00.797245,Infantil,236,41,18,5.8,0,8,0.3695
2024-07-11T15:52:00.797245,Stand-up,324,25,22,2.4,0,11,0.5638
2025-05-13T15:52:00.797245,Infantil,155,40,33,1.1,0,22,0.3049
2026-04-01T15:52:00.797245,Stand-up,323,36,23,2.5,1,13,0.4337
2025-01-17T15:52:00.797245,Comedia,464,10,6,7.8,1,27,0.5735
2025-10-07T15:52:00.797245,Infantil,123,18,1,9.9,0,22,0.6391
2024-08-20T15:52:00.797245,Comedia,388,50,20,3.1,0,20,0.3671
2025-11-09T15:52:00.797245,Infantil,450,11,5,8.9,0,19,0.5548
2024-09-22T15:52:00.797245,Stand-up,279,36,7,8.3,1,20,0.7494
2026-05-31T15:52:00.797245,Musical,106,33,26,2.8,0,12,0.4077
2026-02-20T15:52:00.797245,Musical,431,45,4,3.2,1,12,0.3325
2026-03-08T15:52:00.797245,Drama,297,46,28,9.4,1,16,0.4975
2024-08-16T15:52:00.797245,Clasico,302,33,11,5.3,1,4,0.7492
2024-08-06T15:52:00.797245,Clasico,414,17,7,9.5,0,26,0.49
2024-12-22T15:52:00.797245,Stand-up,454,30,14,3.2,0,16,0.485
2025-02-23T15:52:00.797245,Drama,78,5,3,7.6,0,23,0.5273
2025-09-22T15:52:00.797245,Comedia,135,16,2,2.8,1,17,0.521
2026-05-15T15:52:00.797245,Clasico,369,43,35,4.4,1,19,0.4086
2024-07-14T15:52:00.797245,Comedia,261,7,2,9.3,0,19,0.6784
2025-12-07T15:52:00.797245,Clasico,349,44,7,5.1,0,11,0.1776
2026-03-02T15:52:00.797245,Clasico,318,49,30,1.2,1,11,0.323
2024-09-11T15:52:00.797245,Comedia,406,41,11,5.1,0,4,0.7136
2025-08-06T15:52:00.797245,Infantil,386,49,19,3.1,0,0,0.6172
2025-11-18T15:52:00.797245,Infantil,298,39,7,3.0,0,9,0.4337
2025-03-07T15:52:00.797245,Drama,142,12,6,5.6,0,13,0.3062
2024-08-17T15:52:00.797245,Musical,332,41,32,2.2,1,23,0.5041
2025-06-05T15:52:00.797245,Comedia,234,32,28,9.9,0,9,0.6141
2026-02-02T15:52:00.797245,Drama,372,44,43,1.1,0,27,0.1403
2025-06-02T15:52:00.797245,Comedia,401,8,2,7.1,0,2,0.9437
2026-02-15T15:52:00.797245,Musical,204,46,32,7.2,0,7,0.5782
2025-11-08T15:52:00.797245,Stand-up,217,45,12,1.7,0,11,0.3191
2024-09-20T15:52:00.797245,Drama,366,42,8,6.0,1,19,0.5279
2025-06-14T15:52:00.797245,Stand-up,96,11,10,3.0,0,2,0.8872
2025-04-15T15:52:00.797245,Musical,257,47,12,5.9,0,7,0.4738
2024-07-18T15:52:00.797245,Comedia,63,46,39,5.8,0,5,0.6779
2025-08-12T15:52:00.797245,Clasico,469,19,3,8.3,0,9,0.4118
2025-01-14T15:52:00.797245,Clasico,95,27,3,2.8,0,30,0.1432
2025-08-02T15:52:00.797245,Stand-up,188,6,6,5.4,0,6,0.6587
2026-04-20T15:52:00.797245,Stand-up,449,16,7,9.0,1,5,0.9472
2025-08-12T15:52:00.797245,Drama,493,7,5,2.1,0,21,0.31
2025-10-23T15:52:00.797245,Musical,284,32,27,9.7,0,11,0.6007
2026-01-30T15:52:00.797245,Comedia,74,40,37,8.0,1,26,0.6063
2025-09-18T15:52:00.797245,Drama,343,16,1,6.3,0,22,0.4212
2025-11-05T15:52:00.797245,Clasico,181,40,32,9.1,0,30,0.2647
2025-06-18T15:52:00.797245,Musical,80,8,6,9.7,0,16,0.4128
2025-04-14T15:52:00.797245,Drama,82,7,5,3.2,0,20,0.3168
2024-12-29T15:52:00.797245,Drama,415,21,8,9.1,1,26,0.4741
2026-01-10T15:52:00.797245,Drama,393,44,23,5.1,0,0,0.6735
2025-12-04T15:52:00.797245,Musical,142,45,19,2.2,0,3,0.7552
2026-03-26T15:52:00.797245,Infantil,105,37,34,6.2,0,4,0.7367
2025-11-15T15:52:00.797245,Drama,364,26,11,4.9,0,22,0.6419
2024-10-23T15:52:00.797245,Drama,346,8,3,5.7,0,13,0.2102
2024-10-31T15:52:00.797245,Infantil,489,47,4,5.4,1,2,0.7518
2025-08-27T15:52:00.797245,Infantil,370,48,36,3.0,1,24,0.3536
2024-12-19T15:52:00.797245,Stand-up,429,4,1,2.3,1,26,0.6283
2024-12-16T15:52:00.797245,Musical,462,27,1,3.0,0,1,0.6711
2025-07-14T15:52:00.797245,Drama,197,8,3,1.3,1,17,0.249
2025-07-10T15:52:00.797245,Infantil,333,29,18,7.5,0,4,0.66
2026-05-25T15:52:00.797245,Clasico,175,8,7,5.5,1,25,0.3082
2026-02-09T15:52:00.797245,Clasico,220,43,15,8.6,0,16,0.3496
2026-06-25T15:52:00.797245,Infantil,233,4,1,3.1,1,25,0.5195
2024-11-19T15:52:00.797245,Comedia,239,44,21,2.7,0,20,0.3605
2026-04-02T15:52:00.797245,Drama,113,33,11,5.9,0,26,0.3401
2026-03-14T15:52:00.797245,Stand-up,191,20,2,6.3,0,22,0.575
2026-02-03T15:52:00.797245,Infantil,340,18,1,6.6,0,3,0.946
2026-03-14T15:52:00.797245,Infantil,368,43,43,7.7,0,26,0.5673
2026-06-12T15:52:00.797245,Musical,176,38,23,2.7,0,17,0.1892
2026-06-26T15:52:00.797245,Stand-up,82,43,4,7.7,0,18,0.632
2025-12-12T15:52:00.797245,Musical,129,49,31,2.0,0,10,0.353
2026-04-08T15:52:00.797245,Clasico,171,22,1,8.3,0,3,0.7833
2025-08-02T15:52:00.797245,Infantil,280,6,5,1.5,0,29,0.3834
2025-03-02T15:52:00.797245,Clasico,412,10,4,4.6,1,12,0.4041
2024-11-07T15:52:00.797245,Stand-up,431,50,44,1.6,0,2,0.7193
2025-03-20T15:52:00.797245,Comedia,268,26,15,1.6,0,12,0.2463
2026-03-12T15:52:00.797245,Stand-up,194,34,8,9.0,1,15,0.616
2024-08-04T15:52:00.797245,Clasico,99,14,2,1.4,0,30,0.1969
2024-07-29T15:52:00.797245,Clasico,201,22,22,5.3,0,23,0.4574
2025-04-12T15:52:00.797245,Drama,113,48,28,9.8,1,11,0.5689
2025-10-16T15:52:00.797245,Drama,57,22,20,6.5,0,20,0.3009
2025-03-04T15:52:00.797245,Comedia,277,40,20,9.1,1,8,0.7951
2026-05-02T15:52:00.797245,Infantil,224,9,7,9.1,1,12,0.6407
2026-06-29T15:52:00.797245,Infantil,117,29,21,8.0,0,29,0.5559
2026-02-15T15:52:00.797245,Musical,114,34,26,3.7,1,30,0.429
2026-01-01T15:52:00.797245,Clasico,86,12,2,9.9,1,11,0.3916
2024-09-29T15:52:00.797245,Clasico,112,31,22,7.9,0,11,0.5385
2026-04-12T15:52:00.797245,Stand-up,200,43,23,7.7,0,13,0.5741
2026-01-11T15:52:00.797245,Musical,292,15,14,7.1,0,27,0.6
2026-05-17T15:52:00.797245,Stand-up,405,4,3,8.4,0,24,0.7841
2025-09-16T15:52:00.797245,Comedia,317,35,14,8.2,1,28,0.4671
2025-06-23T15:52:00.797245,Stand-up,297,39,24,4.0,0,3,0.7144
2026-02-06T15:52:00.797245,Drama,122,15,3,8.7,0,17,0.4651
2025-12-26T15:52:00.797245,Clasico,204,23,8,6.5,0,23,0.2153
2025-02-04T15:52:00.797245,Stand-up,484,15,2,8.1,0,20,0.4523
2026-05-19T15:52:00.797245,Comedia,323,7,5,3.4,0,29,0.3279
2024-11-26T15:52:00.797245,Clasico,498,49,44,4.7,0,27,0.4067
2024-11-25T15:52:00.797245,Drama,133,5,2,9.1,0,21,0.4243
2025-03-17T15:52:00.797245,Clasico,111,49,36,8.0,1,13,0.4626
2025-12-24T15:52:00.797245,Drama,197,10,6,3.4,1,5,0.5979
2024-09-18T15:52:00.797245,Musical,478,12,8,4.7,1,21,0.3433
2026-07-08T15:52:00.797245,Infantil,159,49,29,4.7,0,5,0.7748
2024-07-12T15:52:00.797245,Comedia,257,4,3,3.4,0,25,0.4499
2025-11-30T15:52:00.797245,Stand-up,298,13,9,2.6,0,26,0.5688
2025-12-15T15:52:00.797245,Infantil,143,18,4,5.2,0,2,0.759
2024-07-29T15:52:00.797245,Stand-up,156,32,18,4.1,1,22,0.4782
2026-01-14T15:52:00.797245,Clasico,343,46,24,3.6,0,29,0.2109
2024-10-13T15:52:00.797245,Infantil,486,19,11,6.4,0,23,0.5886
2025-04-28T15:52:00.797245,Stand-up,417,8,8,3.4,0,27,0.5863
2026-02-19T15:52:00.797245,Musical,387,34,33,6.4,0,15,0.4177
2024-10-28T15:52:00.797245,Drama,164,4,4,9.1,0,1,0.9223
2024-08-16T15:52:00.797245,Clasico,395,28,13,1.4,0,9,0.3243
2026-06-29T15:52:00.797245,Comedia,499,45,11,4.9,0,29,0.4465
2026-04-30T15:52:00.797245,Drama,144,10,2,3.5,0,1,0.5374
2025-09-11T15:52:00.797245,Musical,163,30,15,1.3,0,6,0.4024
2025-11-10T15:52:00.797245,Musical,203,20,16,7.9,1,18,0.5111
2026-02-23T15:52:00.797245,Comedia,171,12,5,8.6,0,19,0.4832
2025-01-22T15:52:00.797245,Clasico,287,34,28,8.2,0,8,0.4346
2025-12-03T15:52:00.797245,Drama,116,14,14,2.3,1,13,0.3618
2025-03-17T15:52:00.797245,Comedia,129,12,4,4.2,0,9,0.5518
2025-01-10T15:52:00.797245,Clasico,443,11,5,6.1,0,4,0.4636
2024-11-09T15:52:00.797245,Infantil,234,44,28,1.1,0,20,0.2954
2024-12-04T15:52:00.797245,Clasico,313,33,3,5.9,0,17,0.2657
2026-04-10T15:52:00.797245,Musical,255,20,11,7.4,1,1,0.8156
2025-10-30T15:52:00.797245,Stand-up,75,46,22,5.8,0,20,0.4498
2025-12-29T15:52:00.797245,Infantil,408,28,20,5.9,0,12,0.3727
2025-10-22T15:52:00.797245,Stand-up,251,49,26,4.4,0,24,0.3729
2026-05-21T15:52:00.797245,Stand-up,297,42,39,3.1,1,0,0.95
2024-10-30T15:52:00.797245,Infantil,241,29,18,7.0,0,6,0.5949
2025-08-07T15:52:00.797245,Drama,204,41,3,7.5,0,1,0.7733
2025-12-04T15:52:00.797245,Infantil,331,12,11,1.6,1,14,0.255
2025-09-26T15:52:00.797245,Comedia,483,15,7,5.3,0,10,0.6174
2026-02-27T15:52:00.797245,Drama,391,24,13,6.0,1,8,0.3874
2025-03-06T15:52:00.797245,Infantil,405,12,7,2.9,1,0,0.688
2026-04-16T15:52:00.797245,Comedia,234,43,29,9.7,1,1,0.95
2026-05-09T15:52:00.797245,Clasico,68,31,19,1.8,1,11,0.302
2025-06-03T15:52:00.797245,Clasico,431,11,6,5.5,0,4,0.6243
2025-08-13T15:52:00.797245,Comedia,337,45,33,6.0,1,0,0.78
2025-02-09T15:52:00.797245,Musical,483,25,2,1.6,0,6,0.4826
2025-02-20T15:52:00.797245,Musical,246,26,8,6.0,0,4,0.7597
2025-04-30T15:52:00.797245,Musical,228,33,8,9.7,0,2,0.9126
2025-10-26T15:52:00.797245,Infantil,274,18,1,4.3,1,20,0.6686
2024-12-20T15:52:00.797245,Stand-up,406,23,7,8.6,1,9,0.8638
2025-11-23T15:52:00.797245,Infantil,119,28,20,9.8,0,23,0.6149
2025-12-19T15:52:00.797245,Clasico,108,22,8,9.5,1,9,0.5509
2025-05-13T15:52:00.797245,Infantil,253,29,19,1.6,0,19,0.3425
2025-03-27T15:52:00.797245,Infantil,148,22,11,4.3,0,30,0.2407
2025-09-02T15:52:00.797245,Clasico,396,27,9,1.8,0,4,0.4631
2024-10-25T15:52:00.797245,Clasico,50,14,14,6.6,1,19,0.512
2025-08-20T15:52:00.797245,Stand-up,452,49,31,8.9,1,25,0.5413
2025-08-18T15:52:00.797245,Infantil,366,43,21,9.1,0,2,0.7606
2025-09-09T15:52:00.797245,Infantil,264,33,25,1.0,0,13,0.2715
2025-04-16T15:52:00.797245,Infantil,309,27,21,2.4,0,20,0.2846
2026-04-16T15:52:00.797245,Comedia,343,19,9,7.7,0,8,0.668
2026-03-10T15:52:00.797245,Infantil,114,15,3,5.8,0,18,0.2824
2025-09-13T15:52:00.797245,Musical,390,28,3,9.8,0,23,0.6385
2024-08-21T15:52:00.797245,Infantil,462,42,29,7.7,1,10,0.4713
2026-07-01T15:52:00.797245,Drama,333,24,24,2.3,0,20,0.5935
2026-03-24T15:52:00.797245,Drama,383,8,4,8.2,0,4,0.4787
2025-08-11T15:52:00.797245,Drama,449,24,14,1.0,1,0,0.5433
2025-04-30T15:52:00.797245,Comedia,247,14,7,3.0,1,14,0.4688
2024-10-14T15:52:00.797245,Musical,372,38,13,2.8,0,12,0.4926
2024-08-09T15:52:00.797245,Clasico,431,41,27,6.0,0,21,0.2748
2026-05-02T15:52:00.797245,Infantil,279,43,16,3.4,0,4,0.7968
2024-12-09T15:52:00.797245,Comedia,257,24,9,9.4,0,12,0.5073
2025-12-19T15:52:00.797245,Infantil,150,27,16,4.1,1,28,0.3888
2025-01-01T15:52:00.797245,Comedia,454,31,14,6.2,1,25,0.5209
2025-07-25T15:52:00.797245,Musical,413,31,15,9.3,1,10,0.6736
2026-03-02T15:52:00.797245,Musical,379,33,19,9.5,0,24,0.5413
2024-11-22T15:52:00.797245,Drama,194,12,9,1.1,0,22,0.2818
2025-06-01T15:52:00.797245,Musical,156,50,5,5.9,0,14,0.5101
2024-08-21T15:52:00.797245,Comedia,343,8,3,6.5,0,21,0.5657
2026-03-26T15:52:00.797245,Drama,101,44,9,8.3,0,18,0.4262
2026-07-02T15:52:00.797245,Infantil,479,15,13,8.4,0,25,0.5694
2025-01-07T15:52:00.797245,Stand-up,233,19,16,3.3,0,7,0.7718
2025-04-14T15:52:00.797245,Clasico,173,20,16,6.1,0,9,0.4234
2026-04-28T15:52:00.797245,Stand-up,445,37,16,6.6,0,25,0.5225
2025-11-04T15:52:00.797245,Clasico,326,49,25,1.9,0,26,0.05
2025-10-17T15:52:00.797245,Musical,255,46,31,7.1,1,2,0.8068
2024-12-04T15:52:00.797245,Clasico,67,48,23,7.3,1,20,0.4206
2024-07-31T15:52:00.797245,Comedia,140,44,22,5.9,1,21,0.6701
2025-04-19T15:52:00.797245,Comedia,299,43,5,8.0,0,25,0.8459
2026-06-29T15:52:00.797245,Musical,498,26,13,2.5,0,3,0.7435
2026-02-04T15:52:00.797245,Clasico,75,21,4,1.6,0,30,0.149
2024-12-16T15:52:00.797245,Comedia,122,44,36,6.1,1,5,0.8537
2024-09-28T15:52:00.797245,Comedia,79,37,29,7.4,0,3,0.95
2025-02-19T15:52:00.797245,Drama,138,17,16,3.5,0,29,0.2081
2025-07-11T15:52:00.797245,Comedia,110,27,17,3.4,0,2,0.8312
2025-08-11T15:52:00.797245,Comedia,344,23,5,4.9,0,18,0.283
2025-12-20T15:52:00.797245,Infantil,389,45,37,4.4,0,21,0.4004
2026-04-17T15:52:00.797245,Stand-up,378,45,28,2.3,0,19,0.4978
2026-01-05T15:52:00.797245,Clasico,437,48,29,7.4,0,24,0.4228
2025-01-22T15:52:00.797245,Musical,396,36,31,5.9,0,3,0.8034
2026-04-20T15:52:00.797245,Drama,383,12,11,9.9,1,16,0.613
2024-07-29T15:52:00.797245,Musical,54,10,5,1.1,0,19,0.2208
2025-06-15T15:52:00.797245,Stand-up,332,48,29,1.7,0,10,0.593
2026-06-22T15:52:00.797245,Musical,65,8,4,7.1,0,12,0.6704
2026-04-29T15:52:00.797245,Clasico,491,33,9,2.0,0,19,0.0857
2024-11-24T15:52:00.797245,Infantil,278,49,13,5.3,1,5,0.7794
2024-08-05T15:52:00.797245,Drama,354,33,18,1.1,0,6,0.3709
2025-05-07T15:52:00.797245,Stand-up,408,14,7,5.8,0,22,0.5754
2025-03-14T15:52:00.797245,Infantil,462,38,27,6.8,0,15,0.3148
2026-06-12T15:52:00.797245,Infantil,53,13,1,8.8,0,25,0.4323
2026-03-27T15:52:00.797245,Stand-up,240,7,3,2.6,0,6,0.5003
2025-01-29T15:52:00.797245,Drama,269,18,3,5.9,0,20,0.3909
2025-04-03T15:52:00.797245,Musical,494,50,48,4.4,0,14,0.3067
2025-05-23T15:52:00.797245,Drama,213,34,11,4.0,0,13,0.1183
2025-11-10T15:52:00.797245,Musical,259,5,3,9.4,1,27,0.4312
2026-02-09T15:52:00.797245,Drama,347,37,28,7.5,0,1,0.9091
2026-04-12T15:52:00.797245,Drama,97,17,13,4.8,0,23,0.379
2024-12-13T15:52:00.797245,Drama,393,23,4,9.1,0,17,0.3981
